first_name,last_name,address,city,county,state,zip,phone1,phone2,email,password
James,Butt,6649 N Blue Gum St,New Orleans,Orleans,LA,70116,504-621-8927,504-845-1427,jbutt@gmail.com,abc_12345
Josephine,Darakjy,4 B Blue Ridge Blvd,Brighton,Livingston,MI,48116,810-292-9388,810-374-9840,josephine_darakjy@darakjy.org,abc_12346
Art,Venere,8 W Cerritos Ave #54,Bridgeport,Gloucester,NJ,08014,856-636-8749,856-264-4130,art@venere.org,abc_12347
Lenna,Paprocki,639 Main St,Anchorage,Anchorage,AK,99501,907-385-4412,907-921-2010,lpaprocki@hotmail.com,abc_12348
Donette,Foller,34 Center St,Hamilton,Butler,OH,45011,513-570-1893,513-549-4561,donette.foller@cox.net,abc_12349
Simona,Morasca,3 Mcauley Dr,Ashland,Ashland,OH,44805,419-503-2484,419-800-6759,simona@morasca.com,abc_12350
Mitsue,Tollner,7 Eads St,Chicago,Cook,IL,60632,773-573-6914,773-924-8565,mitsue_tollner@yahoo.com,abc_12351
Leota,Dilliard,7 W Jackson Blvd,San Jose,Santa Clara,CA,95111,408-752-3500,408-813-1105,leota@hotmail.com,abc_12352
Sage,Wieser,5 Boston Ave #88,Sioux Falls,Minnehaha,SD,57105,605-414-2147,605-794-4895,sage_wieser@cox.net,abc_12353
Kris,Marrier,228 Runamuck Pl #2808,Baltimore,Baltimore City,MD,21224,410-655-8723,410-804-4694,kris@gmail.com,abc_12354
Minna,Amigon,2371 Jerrold Ave,Kulpsville,Montgomery,PA,19443,215-874-1229,215-422-8694,minna_amigon@yahoo.com,abc_12355
Abel,Maclead,37275 St  Rt 17m M,Middle Island,Suffolk,NY,11953,631-335-3414,631-677-3675,amaclead@gmail.com,abc_12356
Kiley,Caldarera,25 E 75th St #69,Los Angeles,Los Angeles,CA,90034,310-498-5651,310-254-3084,kiley.caldarera@aol.com,abc_12357
Graciela,Ruta,98 Connecticut Ave Nw,Chagrin Falls,Geauga,OH,44023,440-780-8425,440-579-7763,gruta@cox.net,abc_12358
Cammy,Albares,56 E Morehead St,Laredo,Webb,TX,78045,956-537-6195,956-841-7216,calbares@gmail.com,abc_12359
Mattie,Poquette,73 State Road 434 E,Phoenix,Maricopa,AZ,85013,602-277-4385,602-953-6360,mattie@aol.com,abc_12360
Meaghan,Garufi,69734 E Carrillo St,Mc Minnville,Warren,TN,37110,931-313-9635,931-235-7959,meaghan@hotmail.com,abc_12361
Gladys,Rim,322 New Horizon Blvd,Milwaukee,Milwaukee,WI,53207,414-661-9598,414-377-2880,gladys.rim@rim.org,abc_12362
Yuki,Whobrey,1 State Route 27,Taylor,Wayne,MI,48180,313-288-7937,313-341-4470,yuki_whobrey@aol.com,abc_12363
Fletcher,Flosi,394 Manchester Blvd,Rockford,Winnebago,IL,61109,815-828-2147,815-426-5657,fletcher.flosi@yahoo.com,abc_12364
Bette,Nicka,6 S 33rd St,Aston,Delaware,PA,19014,610-545-3615,610-492-4643,bette_nicka@cox.net,abc_12365
Veronika,Inouye,6 Greenleaf Ave,San Jose,Santa Clara,CA,95111,408-540-1785,408-813-4592,vinouye@aol.com,abc_12366
Willard,Kolmetz,618 W Yakima Ave,Irving,Dallas,TX,75062,972-303-9197,972-896-4882,willard@hotmail.com,abc_12367
Maryann,Royster,74 S Westgate St,Albany,Albany,NY,12204,518-966-7987,518-448-8982,mroyster@royster.com,abc_12368
Alisha,Slusarski,3273 State St,Middlesex,Middlesex,NJ,08846,732-658-3154,732-635-3453,alisha@slusarski.com,abc_12369
Allene,Iturbide,1 Central Ave,Stevens Point,Portage,WI,54481,715-662-6764,715-530-9863,allene_iturbide@cox.net,abc_12370
Chanel,Caudy,86 Nw 66th St #8673,Shawnee,Johnson,KS,66218,913-388-2079,913-899-1103,chanel.caudy@caudy.org,abc_12371
Ezekiel,Chui,2 Cedar Ave #84,Easton,Talbot,MD,21601,410-669-1642,410-235-8738,ezekiel@chui.com,abc_12372
Willow,Kusko,90991 Thorburn Ave,New York,New York,NY,10011,212-582-4976,212-934-5167,wkusko@yahoo.com,abc_12373
Bernardo,Figeroa,386 9th Ave N,Conroe,Montgomery,TX,77301,936-336-3951,936-597-3614,bfigeroa@aol.com,abc_12374
Ammie,Corrio,74874 Atlantic Ave,Columbus,Franklin,OH,43215,614-801-9788,614-648-3265,ammie@corrio.com,abc_12375
Francine,Vocelka,366 South Dr,Las Cruces,Dona Ana,NM,88011,505-977-3911,505-335-5293,francine_vocelka@vocelka.com,abc_12376
Ernie,Stenseth,45 E Liberty St,Ridgefield Park,Bergen,NJ,07660,201-709-6245,201-387-9093,ernie_stenseth@aol.com,abc_12377
Albina,Glick,4 Ralph Ct,Dunellen,Middlesex,NJ,08812,732-924-7882,732-782-6701,albina@glick.com,abc_12378
Alishia,Sergi,2742 Distribution Way,New York,New York,NY,10025,212-860-1579,212-753-2740,asergi@gmail.com,abc_12379
Solange,Shinko,426 Wolf St,Metairie,Jefferson,LA,70002,504-979-9175,504-265-8174,solange@shinko.com,abc_12380
Jose,Stockham,128 Bransten Rd,New York,New York,NY,10011,212-675-8570,212-569-4233,jose@yahoo.com,abc_12381
Rozella,Ostrosky,17 Morena Blvd,Camarillo,Ventura,CA,93012,805-832-6163,805-609-1531,rozella.ostrosky@ostrosky.com,abc_12382
Valentine,Gillian,775 W 17th St,San Antonio,Bexar,TX,78204,210-812-9597,210-300-6244,valentine_gillian@gmail.com,abc_12383
Kati,Rulapaugh,6980 Dorsett Rd,Abilene,Dickinson,KS,67410,785-463-7829,785-219-7724,kati.rulapaugh@hotmail.com,abc_12384
Youlanda,Schemmer,2881 Lewis Rd,Prineville,Crook,OR,97754,541-548-8197,541-993-2611,youlanda@aol.com,abc_12385
Dyan,Oldroyd,7219 Woodfield Rd,Overland Park,Johnson,KS,66204,913-413-4604,913-645-8918,doldroyd@aol.com,abc_12386
Roxane,Campain,1048 Main St,Fairbanks,Fairbanks North Star,AK,99708,907-231-4722,907-335-6568,roxane@hotmail.com,abc_12387
Lavera,Perin,678 3rd Ave,Miami,Miami-Dade,FL,33196,305-606-7291,305-995-2078,lperin@perin.org,abc_12388
Erick,Ferencz,20 S Babcock St,Fairbanks,Fairbanks North Star,AK,99712,907-741-1044,907-227-6777,erick.ferencz@aol.com,abc_12389
Fatima,Saylors,2 Lighthouse Ave,Hopkins,Hennepin,MN,55343,952-768-2416,952-479-2375,fsaylors@saylors.org,abc_12390
Jina,Briddick,38938 Park Blvd,Boston,Suffolk,MA,02128,617-399-5124,617-997-5771,jina_briddick@briddick.com,abc_12391
Kanisha,Waycott,5 Tomahawk Dr,Los Angeles,Los Angeles,CA,90006,323-453-2780,323-315-7314,kanisha_waycott@yahoo.com,abc_12392
Emerson,Bowley,762 S Main St,Madison,Dane,WI,53711,608-336-7444,608-658-7940,emerson.bowley@bowley.org,abc_12393
Blair,Malet,209 Decker Dr,Philadelphia,Philadelphia,PA,19132,215-907-9111,215-794-4519,bmalet@yahoo.com,abc_12394
Brock,Bolognia,4486 W O St #1,New York,New York,NY,10003,212-402-9216,212-617-5063,bbolognia@yahoo.com,abc_12395
Lorrie,Nestle,39 S 7th St,Tullahoma,Coffee,TN,37388,931-875-6644,931-303-6041,lnestle@hotmail.com,abc_12396
Sabra,Uyetake,98839 Hawthorne Blvd #6101,Columbia,Richland,SC,29201,803-925-5213,803-681-3678,sabra@uyetake.org,abc_12397
Marjory,Mastella,71 San Mateo Ave,Wayne,Delaware,PA,19087,610-814-5533,610-379-7125,mmastella@mastella.com,abc_12398
Karl,Klonowski,76 Brooks St #9,Flemington,Hunterdon,NJ,08822,908-877-6135,908-470-4661,karl_klonowski@yahoo.com,abc_12399
Tonette,Wenner,4545 Courthouse Rd,Westbury,Nassau,NY,11590,516-968-6051,516-333-4861,twenner@aol.com,abc_12400
Amber,Monarrez,14288 Foster Ave #4121,Jenkintown,Montgomery,PA,19046,215-934-8655,215-329-6386,amber_monarrez@monarrez.org,abc_12401
Shenika,Seewald,4 Otis St,Van Nuys,Los Angeles,CA,91405,818-423-4007,818-749-8650,shenika@gmail.com,abc_12402
Delmy,Ahle,65895 S 16th St,Providence,Providence,RI,02909,401-458-2547,401-559-8961,delmy.ahle@hotmail.com,abc_12403
Deeanna,Juhas,14302 Pennsylvania Ave,Huntingdon Valley,Montgomery,PA,19006,215-211-9589,215-417-9563,deeanna_juhas@gmail.com,abc_12404
Blondell,Pugh,201 Hawk Ct,Providence,Providence,RI,02904,401-960-8259,401-300-8122,bpugh@aol.com,abc_12405
Jamal,Vanausdal,53075 Sw 152nd Ter #615,Monroe Township,Middlesex,NJ,08831,732-234-1546,732-904-2931,jamal@vanausdal.org,abc_12406
Cecily,Hollack,59 N Groesbeck Hwy,Austin,Travis,TX,78731,512-486-3817,512-861-3814,cecily@hollack.org,abc_12407
Carmelina,Lindall,2664 Lewis Rd,Littleton,Douglas,CO,80126,303-724-7371,303-874-5160,carmelina_lindall@lindall.com,abc_12408
Maurine,Yglesias,59 Shady Ln #53,Milwaukee,Milwaukee,WI,53214,414-748-1374,414-573-7719,maurine_yglesias@yglesias.com,abc_12409
Tawna,Buvens,3305 Nabell Ave #679,New York,New York,NY,10009,212-674-9610,212-462-9157,tawna@gmail.com,abc_12410
Penney,Weight,18 Fountain St,Anchorage,Anchorage,AK,99515,907-797-9628,907-873-2882,penney_weight@aol.com,abc_12411
Elly,Morocco,7 W 32nd St,Erie,Erie,PA,16502,814-393-5571,814-420-3553,elly_morocco@gmail.com,abc_12412
Ilene,Eroman,2853 S Central Expy,Glen Burnie,Anne Arundel,MD,21061,410-914-9018,410-937-4543,ilene.eroman@hotmail.com,abc_12413
Vallie,Mondella,74 W College St,Boise,Ada,ID,83707,208-862-5339,208-737-8439,vmondella@mondella.com,abc_12414
Kallie,Blackwood,701 S Harrison Rd,San Francisco,San Francisco,CA,94104,415-315-2761,415-604-7609,kallie.blackwood@gmail.com,abc_12415
Johnetta,Abdallah,1088 Pinehurst St,Chapel Hill,Orange,NC,27514,919-225-9345,919-715-3791,johnetta_abdallah@aol.com,abc_12416
Bobbye,Rhym,30 W 80th St #1995,San Carlos,San Mateo,CA,94070,650-528-5783,650-811-9032,brhym@rhym.com,abc_12417
Micaela,Rhymes,20932 Hedley St,Concord,Contra Costa,CA,94520,925-647-3298,925-522-7798,micaela_rhymes@gmail.com,abc_12418
Tamar,Hoogland,2737 Pistorio Rd #9230,London,Madison,OH,43140,740-343-8575,740-526-5410,tamar@hotmail.com,abc_12419
Moon,Parlato,74989 Brandon St,Wellsville,Allegany,NY,14895,585-866-8313,585-498-4278,moon@yahoo.com,abc_12420
Laurel,Reitler,6 Kains Ave,Baltimore,Baltimore City,MD,21215,410-520-4832,410-957-6903,laurel_reitler@reitler.com,abc_12421
Delisa,Crupi,47565 W Grand Ave,Newark,Essex,NJ,07105,973-354-2040,973-847-9611,delisa.crupi@crupi.com,abc_12422
Viva,Toelkes,4284 Dorigo Ln,Chicago,Cook,IL,60647,773-446-5569,773-352-3437,viva.toelkes@gmail.com,abc_12423
Elza,Lipke,6794 Lake Dr E,Newark,Essex,NJ,07104,973-927-3447,973-796-3667,elza@yahoo.com,abc_12424
Devorah,Chickering,31 Douglas Blvd #950,Clovis,Curry,NM,88101,505-975-8559,505-950-1763,devorah@hotmail.com,abc_12425
Timothy,Mulqueen,44 W 4th St,Staten Island,Richmond,NY,10309,718-332-6527,718-654-7063,timothy_mulqueen@mulqueen.org,abc_12426
Arlette,Honeywell,11279 Loytan St,Jacksonville,Duval,FL,32254,904-775-4480,904-514-9918,ahoneywell@honeywell.com,abc_12427
Dominque,Dickerson,69 Marquette Ave,Hayward,Alameda,CA,94545,510-993-3758,510-901-7640,dominque.dickerson@dickerson.org,abc_12428
Lettie,Isenhower,70 W Main St,Beachwood,Cuyahoga,OH,44122,216-657-7668,216-733-8494,lettie_isenhower@yahoo.com,abc_12429
Myra,Munns,461 Prospect Pl #316,Euless,Tarrant,TX,76040,817-914-7518,817-451-3518,mmunns@cox.net,abc_12430
Stephaine,Barfield,47154 Whipple Ave Nw,Gardena,Los Angeles,CA,90247,310-774-7643,310-968-1219,stephaine@barfield.com,abc_12431
Lai,Gato,37 Alabama Ave,Evanston,Cook,IL,60201,847-728-7286,847-957-4614,lai.gato@gato.org,abc_12432
Stephen,Emigh,3777 E Richmond St #900,Akron,Summit,OH,44302,330-537-5358,330-700-2312,stephen_emigh@hotmail.com,abc_12433
Tyra,Shields,3 Fort Worth Ave,Philadelphia,Philadelphia,PA,19106,215-255-1641,215-228-8264,tshields@gmail.com,abc_12434
Tammara,Wardrip,4800 Black Horse Pike,Burlingame,San Mateo,CA,94010,650-803-1936,650-216-5075,twardrip@cox.net,abc_12435
Cory,Gibes,83649 W Belmont Ave,San Gabriel,Los Angeles,CA,91776,626-572-1096,626-696-2777,cory.gibes@gmail.com,abc_12436
Danica,Bruschke,840 15th Ave,Waco,McLennan,TX,76708,254-782-8569,254-205-1422,danica_bruschke@gmail.com,abc_12437
Wilda,Giguere,1747 Calle Amanecer #2,Anchorage,Anchorage,AK,99501,907-870-5536,907-914-9482,wilda@cox.net,abc_12438
Elvera,Benimadho,99385 Charity St #840,San Jose,Santa Clara,CA,95110,408-703-8505,408-440-8447,elvera.benimadho@cox.net,abc_12439
Carma,Vanheusen,68556 Central Hwy,San Leandro,Alameda,CA,94577,510-503-7169,510-452-4835,carma@cox.net,abc_12440
Malinda,Hochard,55 Riverside Ave,Indianapolis,Marion,IN,46202,317-722-5066,317-472-2412,malinda.hochard@yahoo.com,abc_12441
Natalie,Fern,7140 University Ave,Rock Springs,Sweetwater,WY,82901,307-704-8713,307-279-3793,natalie.fern@hotmail.com,abc_12442
Lisha,Centini,64 5th Ave #1153,Mc Lean,Fairfax,VA,22102,703-235-3937,703-475-7568,lisha@centini.org,abc_12443
Arlene,Klusman,3 Secor Rd,New Orleans,Orleans,LA,70112,504-710-5840,504-946-1807,arlene_klusman@gmail.com,abc_12444
Alease,Buemi,4 Webbs Chapel Rd,Boulder,Boulder,CO,80303,303-301-4946,303-521-9860,alease@buemi.com,abc_12445
Louisa,Cronauer,524 Louisiana Ave Nw,San Leandro,Alameda,CA,94577,510-828-7047,510-472-7758,louisa@cronauer.com,abc_12446
Angella,Cetta,185 Blackstone Bldge,Honolulu,Honolulu,HI,96817,808-892-7943,808-475-2310,angella.cetta@hotmail.com,abc_12447
Cyndy,Goldammer,170 Wyoming Ave,Burnsville,Dakota,MN,55337,952-334-9408,952-938-9457,cgoldammer@cox.net,abc_12448
Rosio,Cork,4 10th St W,High Point,Guilford,NC,27263,336-243-5659,336-497-4407,rosio.cork@gmail.com,abc_12449
Celeste,Korando,7 W Pinhook Rd,Lynbrook,Nassau,NY,11563,516-509-2347,516-365-7266,ckorando@hotmail.com,abc_12450
Twana,Felger,1 Commerce Way,Portland,Washington,OR,97224,503-939-3153,503-909-7167,twana.felger@felger.org,abc_12451
Estrella,Samu,64 Lakeview Ave,Beloit,Rock,WI,53511,608-976-7199,608-942-8836,estrella@aol.com,abc_12452
Donte,Kines,3 Aspen St,Worcester,Worcester,MA,01602,508-429-8576,508-843-1426,dkines@hotmail.com,abc_12453
Tiffiny,Steffensmeier,32860 Sierra Rd,Miami,Miami-Dade,FL,33133,305-385-9695,305-304-6573,tiffiny_steffensmeier@cox.net,abc_12454
Edna,Miceli,555 Main St,Erie,Erie,PA,16502,814-460-2655,814-299-2877,emiceli@miceli.org,abc_12455
Sue,Kownacki,2 Se 3rd Ave,Mesquite,Dallas,TX,75149,972-666-3413,972-742-4000,sue@aol.com,abc_12456
Jesusa,Shin,2239 Shawnee Mission Pky,Tullahoma,Coffee,TN,37388,931-273-8709,931-739-1551,jshin@shin.com,abc_12457
Rolland,Francescon,2726 Charcot Ave,Paterson,Passaic,NJ,07501,973-649-2922,973-284-4048,rolland@cox.net,abc_12458
Pamella,Schmierer,5161 Dorsett Rd,Homestead,Miami-Dade,FL,33030,305-420-8970,305-575-8481,pamella.schmierer@schmierer.org,abc_12459
Glory,Kulzer,55892 Jacksonville Rd,Owings Mills,Baltimore,MD,21117,410-224-9462,410-916-8015,gkulzer@kulzer.org,abc_12460
Shawna,Palaspas,5 N Cleveland Massillon Rd,Thousand Oaks,Ventura,CA,91362,805-275-3566,805-638-6617,shawna_palaspas@palaspas.org,abc_12461
Brandon,Callaro,7 Benton Dr,Honolulu,Honolulu,HI,96819,808-215-6832,808-240-5168,brandon_callaro@hotmail.com,abc_12462
Scarlet,Cartan,9390 S Howell Ave,Albany,Dougherty,GA,31701,229-735-3378,229-365-9658,scarlet.cartan@yahoo.com,abc_12463
Oretha,Menter,8 County Center Dr #647,Boston,Suffolk,MA,02210,617-418-5043,617-697-6024,oretha_menter@yahoo.com,abc_12464
Ty,Smith,4646 Kaahumanu St,Hackensack,Bergen,NJ,07601,201-672-1553,201-995-3149,tsmith@aol.com,abc_12465
Xuan,Rochin,2 Monroe St,San Mateo,San Mateo,CA,94403,650-933-5072,650-247-2625,xuan@gmail.com,abc_12466
Lindsey,Dilello,52777 Leaders Heights Rd,Ontario,San Bernardino,CA,91761,909-639-9887,909-589-1693,lindsey.dilello@hotmail.com,abc_12467
Devora,Perez,72868 Blackington Ave,Oakland,Alameda,CA,94606,510-955-3016,510-755-9274,devora_perez@perez.org,abc_12468
Herman,Demesa,9 Norristown Rd,Troy,Rensselaer,NY,12180,518-497-2940,518-931-7852,hdemesa@cox.net,abc_12469
Rory,Papasergi,83 County Road 437 #8581,Clarks Summit,Lackawanna,PA,18411,570-867-7489,570-469-8401,rpapasergi@cox.net,abc_12470
Talia,Riopelle,1 N Harlem Ave #9,Orange,Essex,NJ,07050,973-245-2133,973-818-9788,talia_riopelle@aol.com,abc_12471
Van,Shire,90131 J St,Pittstown,Hunterdon,NJ,08867,908-409-2890,908-448-1209,van.shire@shire.com,abc_12472
Lucina,Lary,8597 W National Ave,Cocoa,Brevard,FL,32922,321-749-4981,321-632-4668,lucina_lary@cox.net,abc_12473
Bok,Isaacs,6 Gilson St,Bronx,Bronx,NY,10468,718-809-3762,718-478-8568,bok.isaacs@aol.com,abc_12474
Rolande,Spickerman,65 W Maple Ave,Pearl City,Honolulu,HI,96782,808-315-3077,808-526-5863,rolande.spickerman@spickerman.com,abc_12475
Howard,Paulas,866 34th Ave,Denver,Denver,CO,80231,303-623-4241,303-692-3118,hpaulas@gmail.com,abc_12476
Kimbery,Madarang,798 Lund Farm Way,Rockaway,Morris,NJ,07866,973-310-1634,973-225-6259,kimbery_madarang@cox.net,abc_12477
Thurman,Manno,9387 Charcot Ave,Absecon,Atlantic,NJ,08201,609-524-3586,609-234-8376,thurman.manno@yahoo.com,abc_12478
Becky,Mirafuentes,30553 Washington Rd,Plainfield,Union,NJ,07062,908-877-8409,908-426-8272,becky.mirafuentes@mirafuentes.com,abc_12479
Beatriz,Corrington,481 W Lemon St,Middleboro,Plymouth,MA,02346,508-584-4279,508-315-3867,beatriz@yahoo.com,abc_12480
Marti,Maybury,4 Warehouse Point Rd #7,Chicago,Cook,IL,60638,773-775-4522,773-539-1058,marti.maybury@yahoo.com,abc_12481
Nieves,Gotter,4940 Pulaski Park Dr,Portland,Multnomah,OR,97202,503-527-5274,503-455-3094,nieves_gotter@gmail.com,abc_12482
Leatha,Hagele,627 Walford Ave,Dallas,Dallas,TX,75227,214-339-1809,214-225-5850,lhagele@cox.net,abc_12483
Valentin,Klimek,137 Pioneer Way,Chicago,Cook,IL,60604,312-303-5453,312-512-2338,vklimek@klimek.org,abc_12484
Melissa,Wiklund,61 13 Stoneridge #835,Findlay,Hancock,OH,45840,419-939-3613,419-254-4591,melissa@cox.net,abc_12485
Sheridan,Zane,2409 Alabama Rd,Riverside,Riverside,CA,92501,951-645-3605,951-248-6822,sheridan.zane@zane.com,abc_12486
Bulah,Padilla,8927 Vandever Ave,Waco,McLennan,TX,76707,254-463-4368,254-816-8417,bulah_padilla@hotmail.com,abc_12487
Audra,Kohnert,134 Lewis Rd,Nashville,Davidson,TN,37211,615-406-7854,615-448-9249,audra@kohnert.com,abc_12488
Daren,Weirather,9 N College Ave #3,Milwaukee,Milwaukee,WI,53216,414-959-2540,414-838-3151,dweirather@aol.com,abc_12489
Fernanda,Jillson,60480 Old Us Highway 51,Preston,Caroline,MD,21655,410-387-5260,410-724-6472,fjillson@aol.com,abc_12490
Gearldine,Gellinger,4 Bloomfield Ave,Irving,Dallas,TX,75061,972-934-6914,972-821-7118,gearldine_gellinger@gellinger.com,abc_12491
Chau,Kitzman,429 Tiger Ln,Beverly Hills,Los Angeles,CA,90212,310-560-8022,310-969-7230,chau@gmail.com,abc_12492
Theola,Frey,54169 N Main St,Massapequa,Nassau,NY,11758,516-948-5768,516-357-3362,theola_frey@frey.com,abc_12493
Cheryl,Haroldson,92 Main St,Atlantic City,Atlantic,NJ,08401,609-518-7697,609-263-9243,cheryl@haroldson.org,abc_12494
Laticia,Merced,72 Mannix Dr,Cincinnati,Hamilton,OH,45203,513-508-7371,513-418-1566,lmerced@gmail.com,abc_12495
Carissa,Batman,12270 Caton Center Dr,Eugene,Lane,OR,97401,541-326-4074,541-801-5717,carissa.batman@yahoo.com,abc_12496
Lezlie,Craghead,749 W 18th St #45,Smithfield,Johnston,NC,27577,919-533-3762,919-885-2453,lezlie.craghead@craghead.org,abc_12497
Ozell,Shealy,8 Industry Ln,New York,New York,NY,10002,212-332-8435,212-880-8865,oshealy@hotmail.com,abc_12498
Arminda,Parvis,1 Huntwood Ave,Phoenix,Maricopa,AZ,85017,602-906-9419,602-277-3025,arminda@parvis.com,abc_12499
Reita,Leto,55262 N French Rd,Indianapolis,Marion,IN,46240,317-234-1135,317-787-5514,reita.leto@gmail.com,abc_12500
Yolando,Luczki,422 E 21st St,Syracuse,Onondaga,NY,13214,315-304-4759,315-640-6357,yolando@cox.net,abc_12501
Lizette,Stem,501 N 19th Ave,Cherry Hill,Camden,NJ,08002,856-487-5412,856-702-3676,lizette.stem@aol.com,abc_12502
Gregoria,Pawlowicz,455 N Main Ave,Garden City,Nassau,NY,11530,516-212-1915,516-376-4230,gpawlowicz@yahoo.com,abc_12503
Carin,Deleo,1844 Southern Blvd,Little Rock,Pulaski,AR,72202,501-308-1040,501-409-6072,cdeleo@deleo.com,abc_12504
Chantell,Maynerich,2023 Greg St,Saint Paul,Ramsey,MN,55101,651-591-2583,651-776-9688,chantell@yahoo.com,abc_12505
Dierdre,Yum,63381 Jenks Ave,Philadelphia,Philadelphia,PA,19134,215-325-3042,215-346-4666,dyum@yahoo.com,abc_12506
Larae,Gudroe,6651 Municipal Rd,Houma,Terrebonne,LA,70360,985-890-7262,985-261-5783,larae_gudroe@gmail.com,abc_12507
Latrice,Tolfree,81 Norris Ave #525,Ronkonkoma,Suffolk,NY,11779,631-957-7624,631-998-2102,latrice.tolfree@hotmail.com,abc_12508
Kerry,Theodorov,6916 W Main St,Sacramento,Sacramento,CA,95827,916-591-3277,916-770-7448,kerry.theodorov@gmail.com,abc_12509
Dorthy,Hidvegi,9635 S Main St,Boise,Ada,ID,83704,208-649-2373,208-690-3315,dhidvegi@yahoo.com,abc_12510
Fannie,Lungren,17 Us Highway 111,Round Rock,Williamson,TX,78664,512-587-5746,512-528-9933,fannie.lungren@yahoo.com,abc_12511
Evangelina,Radde,992 Civic Center Dr,Philadelphia,Philadelphia,PA,19123,215-964-3284,215-417-5612,evangelina@aol.com,abc_12512
Novella,Degroot,303 N Radcliffe St,Hilo,Hawaii,HI,96720,808-477-4775,808-746-1865,novella_degroot@degroot.org,abc_12513
Clay,Hoa,73 Saint Ann St #86,Reno,Washoe,NV,89502,775-501-8109,775-848-9135,choa@hoa.org,abc_12514
Jennifer,Fallick,44 58th St,Wheeling,Cook,IL,60090,847-979-9545,847-800-3054,jfallick@yahoo.com,abc_12515
Irma,Wolfgramm,9745 W Main St,Randolph,Morris,NJ,07869,973-545-7355,973-868-8660,irma.wolfgramm@hotmail.com,abc_12516
Eun,Coody,84 Bloomfield Ave,Spartanburg,Spartanburg,SC,29301,864-256-3620,864-594-4578,eun@yahoo.com,abc_12517
Sylvia,Cousey,287 Youngstown Warren Rd,Hampstead,Carroll,MD,21074,410-209-9545,410-863-8263,sylvia_cousey@cousey.org,abc_12518
Nana,Wrinkles,6 Van Buren St,Mount Vernon,Westchester,NY,10553,914-855-2115,914-796-3775,nana@aol.com,abc_12519
Layla,Springe,229 N Forty Driv,New York,New York,NY,10011,212-260-3151,212-253-7448,layla.springe@cox.net,abc_12520
Joesph,Degonia,2887 Knowlton St #5435,Berkeley,Alameda,CA,94710,510-677-9785,510-942-5916,joesph_degonia@degonia.org,abc_12521
Annabelle,Boord,523 Marquette Ave,Concord,Middlesex,MA,01742,978-697-6263,978-289-7717,annabelle.boord@cox.net,abc_12522
Stephaine,Vinning,3717 Hamann Industrial Pky,San Francisco,San Francisco,CA,94104,415-767-6596,415-712-9530,stephaine@cox.net,abc_12523
Nelida,Sawchuk,3 State Route 35 S,Paramus,Bergen,NJ,07652,201-971-1638,201-247-8925,nelida@gmail.com,abc_12524
Marguerita,Hiatt,82 N Highway 67,Oakley,Contra Costa,CA,94561,925-634-7158,925-541-8521,marguerita.hiatt@gmail.com,abc_12525
Carmela,Cookey,9 Murfreesboro Rd,Chicago,Cook,IL,60623,773-494-4195,773-297-9391,ccookey@cookey.org,abc_12526
Junita,Brideau,6 S Broadway St,Cedar Grove,Essex,NJ,07009,973-943-3423,973-582-5469,jbrideau@aol.com,abc_12527
Claribel,Varriano,6 Harry L Dr #6327,Perrysburg,Wood,OH,43551,419-544-4900,419-573-2033,claribel_varriano@cox.net,abc_12528
Benton,Skursky,47939 Porter Ave,Gardena,Los Angeles,CA,90248,310-579-2907,310-694-8466,benton.skursky@aol.com,abc_12529
Hillary,Skulski,9 Wales Rd Ne #914,Homosassa,Citrus,FL,34448,352-242-2570,352-990-5946,hillary.skulski@aol.com,abc_12530
Merilyn,Bayless,195 13n N,Santa Clara,Santa Clara,CA,95054,408-758-5015,408-346-2180,merilyn_bayless@cox.net,abc_12531
Teri,Ennaco,99 Tank Farm Rd,Hazleton,Luzerne,PA,18201,570-889-5187,570-355-1665,tennaco@gmail.com,abc_12532
Merlyn,Lawler,4671 Alemany Blvd,Jersey City,Hudson,NJ,07304,201-588-7810,201-858-9960,merlyn_lawler@hotmail.com,abc_12533
Georgene,Montezuma,98 University Dr,San Ramon,Contra Costa,CA,94583,925-615-5185,925-943-3449,gmontezuma@cox.net,abc_12534
Jettie,Mconnell,50 E Wacker Dr,Bridgewater,Somerset,NJ,08807,908-802-3564,908-602-5258,jmconnell@hotmail.com,abc_12535
Lemuel,Latzke,70 Euclid Ave #722,Bohemia,Suffolk,NY,11716,631-748-6479,631-291-4976,lemuel.latzke@gmail.com,abc_12536
Melodie,Knipp,326 E Main St #6496,Thousand Oaks,Ventura,CA,91362,805-690-1682,805-810-8964,mknipp@gmail.com,abc_12537
Candida,Corbley,406 Main St,Somerville,Somerset,NJ,08876,908-275-8357,908-943-6103,candida_corbley@hotmail.com,abc_12538
Karan,Karpin,3 Elmwood Dr,Beaverton,Washington,OR,97005,503-940-8327,503-707-5812,karan_karpin@gmail.com,abc_12539
Andra,Scheyer,9 Church St,Salem,Marion,OR,97302,503-516-2189,503-950-3068,andra@gmail.com,abc_12540
Felicidad,Poullion,9939 N 14th St,Riverton,Burlington,NJ,08077,856-305-9731,856-828-6021,fpoullion@poullion.com,abc_12541
Belen,Strassner,5384 Southwyck Blvd,Douglasville,Douglas,GA,30135,770-507-8791,770-802-4003,belen_strassner@aol.com,abc_12542
Gracia,Melnyk,97 Airport Loop Dr,Jacksonville,Duval,FL,32216,904-235-3633,904-627-4341,gracia@melnyk.com,abc_12543
Jolanda,Hanafan,37855 Nolan Rd,Bangor,Penobscot,ME,04401,207-458-9196,207-233-6185,jhanafan@gmail.com,abc_12544
Barrett,Toyama,4252 N Washington Ave #9,Kennedale,Tarrant,TX,76060,817-765-5781,817-577-6151,barrett.toyama@toyama.org,abc_12545
Helga,Fredicks,42754 S Ash Ave,Buffalo,Erie,NY,14228,716-752-4114,716-854-9845,helga_fredicks@yahoo.com,abc_12546
Ashlyn,Pinilla,703 Beville Rd,Opa Locka,Miami-Dade,FL,33054,305-670-9628,305-857-5489,apinilla@cox.net,abc_12547
Fausto,Agramonte,5 Harrison Rd,New York,New York,NY,10038,212-313-1783,212-778-3063,fausto_agramonte@yahoo.com,abc_12548
Ronny,Caiafa,73 Southern Blvd,Philadelphia,Philadelphia,PA,19103,215-605-7570,215-511-3531,ronny.caiafa@caiafa.org,abc_12549
Marge,Limmel,189 Village Park Rd,Crestview,Okaloosa,FL,32536,850-430-1663,850-330-8079,marge@gmail.com,abc_12550
Norah,Waymire,6 Middlegate Rd #106,San Francisco,San Francisco,CA,94107,415-306-7897,415-874-2984,norah.waymire@gmail.com,abc_12551
Aliza,Baltimore,1128 Delaware St,San Jose,Santa Clara,CA,95132,408-504-3552,408-425-1994,aliza@aol.com,abc_12552
Mozell,Pelkowski,577 Parade St,South San Francisco,San Mateo,CA,94080,650-947-1215,650-960-1069,mpelkowski@pelkowski.org,abc_12553
Viola,Bitsuie,70 Mechanic St,Northridge,Los Angeles,CA,91325,818-864-4875,818-481-5787,viola@gmail.com,abc_12554
Franklyn,Emard,4379 Highway 116,Philadelphia,Philadelphia,PA,19103,215-558-8189,215-483-3003,femard@emard.com,abc_12555
Willodean,Konopacki,55 Hawthorne Blvd,Lafayette,Lafayette,LA,70506,337-253-8384,337-774-7564,willodean_konopacki@konopacki.org,abc_12556
Beckie,Silvestrini,7116 Western Ave,Dearborn,Wayne,MI,48126,313-533-4884,313-390-7855,beckie.silvestrini@silvestrini.com,abc_12557
Rebecka,Gesick,2026 N Plankinton Ave #3,Austin,Travis,TX,78754,512-213-8574,512-693-8345,rgesick@gesick.org,abc_12558
Frederica,Blunk,99586 Main St,Dallas,Dallas,TX,75207,214-428-2285,214-529-1949,frederica_blunk@gmail.com,abc_12559
Glen,Bartolet,8739 Hudson St,Vashon,King,WA,98070,206-697-5796,206-389-1482,glen_bartolet@hotmail.com,abc_12560
Freeman,Gochal,383 Gunderman Rd #197,Coatesville,Chester,PA,19320,610-476-3501,610-752-2683,freeman_gochal@aol.com,abc_12561
Vincent,Meinerding,4441 Point Term Mkt,Philadelphia,Philadelphia,PA,19143,215-372-1718,215-829-4221,vincent.meinerding@hotmail.com,abc_12562
Rima,Bevelacqua,2972 Lafayette Ave,Gardena,Los Angeles,CA,90248,310-858-5079,310-499-4200,rima@cox.net,abc_12563
Glendora,Sarbacher,2140 Diamond Blvd,Rohnert Park,Sonoma,CA,94928,707-653-8214,707-881-3154,gsarbacher@gmail.com,abc_12564
Avery,Steier,93 Redmond Rd #492,Orlando,Orange,FL,32803,407-808-9439,407-945-8566,avery@cox.net,abc_12565
Cristy,Lother,3989 Portage Tr,Escondido,San Diego,CA,92025,760-971-4322,760-465-4762,cristy@lother.com,abc_12566
Nicolette,Brossart,1 Midway Rd,Westborough,Worcester,MA,01581,508-837-9230,508-504-6388,nicolette_brossart@brossart.com,abc_12567
Tracey,Modzelewski,77132 Coon Rapids Blvd Nw,Conroe,Montgomery,TX,77301,936-264-9294,936-988-8171,tracey@hotmail.com,abc_12568
Virgina,Tegarden,755 Harbor Way,Milwaukee,Milwaukee,WI,53226,414-214-8697,414-411-5744,virgina_tegarden@tegarden.com,abc_12569
Tiera,Frankel,87 Sierra Rd,El Monte,Los Angeles,CA,91731,626-636-4117,626-638-4241,tfrankel@aol.com,abc_12570
Alaine,Bergesen,7667 S Hulen St #42,Yonkers,Westchester,NY,10701,914-300-9193,914-654-1426,alaine_bergesen@cox.net,abc_12571
Earleen,Mai,75684 S Withlapopka Dr #32,Dallas,Dallas,TX,75227,214-289-1973,214-785-6750,earleen_mai@cox.net,abc_12572
Leonida,Gobern,5 Elmwood Park Blvd,Biloxi,Harrison,MS,39530,228-235-5615,228-432-4635,leonida@gobern.org,abc_12573
Ressie,Auffrey,23 Palo Alto Sq,Miami,Miami-Dade,FL,33134,305-604-8981,305-287-4743,ressie.auffrey@yahoo.com,abc_12574
Justine,Mugnolo,38062 E Main St,New York,New York,NY,10048,212-304-9225,212-311-6377,jmugnolo@yahoo.com,abc_12575
Eladia,Saulter,3958 S Dupont Hwy #7,Ramsey,Bergen,NJ,07446,201-474-4924,201-365-8698,eladia@saulter.com,abc_12576
Chaya,Malvin,560 Civic Center Dr,Ann Arbor,Washtenaw,MI,48103,734-928-5182,734-408-8174,chaya@malvin.com,abc_12577
Gwenn,Suffield,3270 Dequindre Rd,Deer Park,Suffolk,NY,11729,631-258-6558,631-295-9879,gwenn_suffield@suffield.org,abc_12578
Salena,Karpel,1 Garfield Ave #7,Canton,Stark,OH,44707,330-791-8557,330-618-2579,skarpel@cox.net,abc_12579
Yoko,Fishburne,9122 Carpenter Ave,New Haven,New Haven,CT,06511,203-506-4706,203-840-8634,yoko@fishburne.com,abc_12580
Taryn,Moyd,48 Lenox St,Fairfax,Fairfax City,VA,22030,703-322-4041,703-938-7939,taryn.moyd@hotmail.com,abc_12581
Katina,Polidori,5 Little River Tpke,Wilmington,Middlesex,MA,01887,978-626-2978,978-679-7429,katina_polidori@aol.com,abc_12582
Rickie,Plumer,3 N Groesbeck Hwy,Toledo,Lucas,OH,43613,419-693-1334,419-313-5571,rickie.plumer@aol.com,abc_12583
Alex,Loader,37 N Elm St #916,Tacoma,Pierce,WA,98409,253-660-7821,253-875-9222,alex@loader.com,abc_12584
Lashon,Vizarro,433 Westminster Blvd #590,Roseville,Placer,CA,95661,916-741-7884,916-289-4526,lashon@aol.com,abc_12585
Lauran,Burnard,66697 Park Pl #3224,Riverton,Fremont,WY,82501,307-342-7795,307-453-7589,lburnard@burnard.com,abc_12586
Ceola,Setter,96263 Greenwood Pl,Warren,Knox,ME,04864,207-627-7565,207-297-5029,ceola.setter@setter.org,abc_12587
My,Rantanen,8 Mcarthur Ln,Richboro,Bucks,PA,18954,215-491-5633,215-647-2158,my@hotmail.com,abc_12588
Lorrine,Worlds,8 Fair Lawn Ave,Tampa,Hillsborough,FL,33614,813-769-2939,813-863-6467,lorrine.worlds@worlds.com,abc_12589
Peggie,Sturiale,9 N 14th St,El Cajon,San Diego,CA,92020,619-608-1763,619-695-8086,peggie@cox.net,abc_12590
Marvel,Raymo,9 Vanowen St,College Station,Brazos,TX,77840,979-718-8968,979-809-5770,mraymo@yahoo.com,abc_12591
Daron,Dinos,18 Waterloo Geneva Rd,Highland Park,Lake,IL,60035,847-233-3075,847-265-6609,daron_dinos@cox.net,abc_12592
An,Fritz,506 S Hacienda Dr,Atlantic City,Atlantic,NJ,08401,609-228-5265,609-854-7156,an_fritz@hotmail.com,abc_12593
Portia,Stimmel,3732 Sherman Ave,Bridgewater,Somerset,NJ,08807,908-722-7128,908-670-4712,portia.stimmel@aol.com,abc_12594
Rhea,Aredondo,25657 Live Oak St,Brooklyn,Kings,NY,11226,718-560-9537,718-280-4183,rhea_aredondo@cox.net,abc_12595
Benedict,Sama,4923 Carey Ave,Saint Louis,Saint Louis City,MO,63104,314-787-1588,314-858-4832,bsama@cox.net,abc_12596
Alyce,Arias,3196 S Rider Trl,Stockton,San Joaquin,CA,95207,209-317-1801,209-242-7022,alyce@arias.org,abc_12597
Heike,Berganza,3 Railway Ave #75,Little Falls,Passaic,NJ,07424,973-936-5095,973-822-8827,heike@gmail.com,abc_12598
Carey,Dopico,87393 E Highland Rd,Indianapolis,Marion,IN,46220,317-578-2453,317-441-5848,carey_dopico@dopico.org,abc_12599
Dottie,Hellickson,67 E Chestnut Hill Rd,Seattle,King,WA,98133,206-540-6076,206-295-5631,dottie@hellickson.org,abc_12600
Deandrea,Hughey,33 Lewis Rd #46,Burlington,Alamance,NC,27215,336-822-7652,336-467-3095,deandrea@yahoo.com,abc_12601
Kimberlie,Duenas,8100 Jacksonville Rd #7,Hays,Ellis,KS,67601,785-629-8542,785-616-1685,kimberlie_duenas@yahoo.com,abc_12602
Martina,Staback,7 W Wabansia Ave #227,Orlando,Orange,FL,32822,407-471-6908,407-429-2145,martina_staback@staback.com,abc_12603
Skye,Fillingim,25 Minters Chapel Rd #9,Minneapolis,Hennepin,MN,55401,612-508-2655,612-664-6304,skye_fillingim@yahoo.com,abc_12604
Jade,Farrar,6882 Torresdale Ave,Columbia,Richland,SC,29201,803-352-5387,803-975-3405,jade.farrar@yahoo.com,abc_12605
Charlene,Hamilton,985 E 6th Ave,Santa Rosa,Sonoma,CA,95407,707-300-1771,707-821-8037,charlene.hamilton@hotmail.com,abc_12606
Geoffrey,Acey,7 West Ave #1,Palatine,Cook,IL,60067,847-222-1734,847-556-2909,geoffrey@gmail.com,abc_12607
Stevie,Westerbeck,26659 N 13th St,Costa Mesa,Orange,CA,92626,949-867-4077,949-903-3898,stevie.westerbeck@yahoo.com,abc_12608
Pamella,Fortino,669 Packerland Dr #1438,Denver,Denver,CO,80212,303-404-2210,303-794-1341,pamella@fortino.com,abc_12609
Harrison,Haufler,759 Eldora St,New Haven,New Haven,CT,06515,203-801-6193,203-801-8497,hhaufler@hotmail.com,abc_12610
Johnna,Engelberg,5 S Colorado Blvd #449,Bothell,Snohomish,WA,98021,425-986-7573,425-700-3751,jengelberg@engelberg.org,abc_12611
Buddy,Cloney,944 Gaither Dr,Strongsville,Cuyahoga,OH,44136,440-989-5826,440-327-2093,buddy.cloney@yahoo.com,abc_12612
Dalene,Riden,66552 Malone Rd,Plaistow,Rockingham,NH,03865,603-315-6839,603-745-7497,dalene.riden@aol.com,abc_12613
Jerry,Zurcher,77 Massillon Rd #822,Satellite Beach,Brevard,FL,32937,321-518-5938,321-597-2159,jzurcher@zurcher.org,abc_12614
Haydee,Denooyer,25346 New Rd,New York,New York,NY,10016,212-792-8658,212-782-3493,hdenooyer@denooyer.org,abc_12615
Joseph,Cryer,60 Fillmore Ave,Huntington Beach,Orange,CA,92647,714-584-2237,714-698-2170,joseph_cryer@cox.net,abc_12616
Deonna,Kippley,57 Haven Ave #90,Southfield,Oakland,MI,48075,248-913-4677,248-793-4966,deonna_kippley@hotmail.com,abc_12617
Raymon,Calvaresi,6538 E Pomona St #60,Indianapolis,Marion,IN,46222,317-825-4724,317-342-1532,raymon.calvaresi@gmail.com,abc_12618
Alecia,Bubash,6535 Joyce St,Wichita Falls,Wichita,TX,76301,940-276-7922,940-302-3036,alecia@aol.com,abc_12619
Ma,Layous,78112 Morris Ave,North Haven,New Haven,CT,06473,203-721-3388,203-564-1543,mlayous@hotmail.com,abc_12620
Detra,Coyier,96950 Hidden Ln,Aberdeen,Harford,MD,21001,410-739-9277,410-259-2118,detra@aol.com,abc_12621
Terrilyn,Rodeigues,3718 S Main St,New Orleans,Orleans,LA,70130,504-463-4384,504-635-8518,terrilyn.rodeigues@cox.net,abc_12622
Salome,Lacovara,9677 Commerce Dr,Richmond,Richmond City,VA,23219,804-550-5097,804-858-1011,slacovara@gmail.com,abc_12623
Garry,Keetch,5 Green Pond Rd #4,Southampton,Bucks,PA,18966,215-979-8776,215-846-9046,garry_keetch@hotmail.com,abc_12624
Matthew,Neither,636 Commerce Dr #42,Shakopee,Scott,MN,55379,952-651-7597,952-906-4597,mneither@yahoo.com,abc_12625
Theodora,Restrepo,42744 Hamann Industrial Pky #82,Miami,Miami-Dade,FL,33136,305-936-8226,305-573-1085,theodora.restrepo@restrepo.com,abc_12626
Noah,Kalafatis,1950 5th Ave,Milwaukee,Milwaukee,WI,53209,414-263-5287,414-660-9766,noah.kalafatis@aol.com,abc_12627
Carmen,Sweigard,61304 N French Rd,Somerset,Somerset,NJ,08873,732-941-2621,732-445-6940,csweigard@sweigard.com,abc_12628
Lavonda,Hengel,87 Imperial Ct #79,Fargo,Cass,ND,58102,701-898-2154,701-421-7080,lavonda@cox.net,abc_12629
Junita,Stoltzman,94 W Dodge Rd,Carson City,Carson City,NV,89701,775-638-9963,775-578-1214,junita@aol.com,abc_12630
Herminia,Nicolozakes,4 58th St #3519,Scottsdale,Maricopa,AZ,85254,602-954-5141,602-304-6433,herminia@nicolozakes.org,abc_12631
Casie,Good,5221 Bear Valley Rd,Nashville,Davidson,TN,37211,615-390-2251,615-825-4297,casie.good@aol.com,abc_12632
Reena,Maisto,9648 S Main,Salisbury,Wicomico,MD,21801,410-351-1863,410-951-2667,reena@hotmail.com,abc_12633
Mirta,Mallett,7 S San Marcos Rd,New York,New York,NY,10004,212-870-1286,212-745-6948,mirta_mallett@gmail.com,abc_12634
Cathrine,Pontoriero,812 S Haven St,Amarillo,Randall,TX,79109,806-703-1435,806-558-5848,cathrine.pontoriero@pontoriero.com,abc_12635
Filiberto,Tawil,3882 W Congress St #799,Los Angeles,Los Angeles,CA,90016,323-765-2528,323-842-8226,ftawil@hotmail.com,abc_12636
Raul,Upthegrove,4 E Colonial Dr,La Mesa,San Diego,CA,91942,619-509-5282,619-666-4765,rupthegrove@yahoo.com,abc_12637
Sarah,Candlish,45 2nd Ave #9759,Atlanta,Fulton,GA,30328,770-732-1194,770-531-2842,sarah.candlish@gmail.com,abc_12638
Lucy,Treston,57254 Brickell Ave #372,Worcester,Worcester,MA,01602,508-769-5250,508-502-5634,lucy@cox.net,abc_12639
Judy,Aquas,8977 Connecticut Ave Nw #3,Niles,Berrien,MI,49120,269-756-7222,269-431-9464,jaquas@aquas.com,abc_12640
Yvonne,Tjepkema,9 Waydell St,Fairfield,Essex,NJ,07004,973-714-1721,973-976-8627,yvonne.tjepkema@hotmail.com,abc_12641
Kayleigh,Lace,43 Huey P Long Ave,Lafayette,Lafayette,LA,70508,337-740-9323,337-751-2326,kayleigh.lace@yahoo.com,abc_12642
Felix,Hirpara,7563 Cornwall Rd #4462,Denver,Lancaster,PA,17517,717-491-5643,717-583-1497,felix_hirpara@cox.net,abc_12643
Tresa,Sweely,22 Bridle Ln,Valley Park,Saint Louis,MO,63088,314-359-9566,314-231-3514,tresa_sweely@hotmail.com,abc_12644
Kristeen,Turinetti,70099 E North Ave,Arlington,Tarrant,TX,76013,817-213-8851,817-947-9480,kristeen@gmail.com,abc_12645
Jenelle,Regusters,3211 E Northeast Loop,Tampa,Hillsborough,FL,33619,813-932-8715,813-357-7296,jregusters@regusters.com,abc_12646
Renea,Monterrubio,26 Montgomery St,Atlanta,Fulton,GA,30328,770-679-4752,770-930-9967,renea@hotmail.com,abc_12647
Olive,Matuszak,13252 Lighthouse Ave,Cathedral City,Riverside,CA,92234,760-938-6069,760-745-2649,olive@aol.com,abc_12648
Ligia,Reiber,206 Main St #2804,Lansing,Ingham,MI,48933,517-906-1108,517-747-7664,lreiber@cox.net,abc_12649
Christiane,Eschberger,96541 W Central Blvd,Phoenix,Maricopa,AZ,85034,602-390-4944,602-330-6894,christiane.eschberger@yahoo.com,abc_12650
Goldie,Schirpke,34 Saint George Ave #2,Bangor,Penobscot,ME,04401,207-295-7569,207-748-3722,goldie.schirpke@yahoo.com,abc_12651
Loreta,Timenez,47857 Coney Island Ave,Clinton,Prince Georges,MD,20735,301-696-6420,301-392-6698,loreta.timenez@hotmail.com,abc_12652
Fabiola,Hauenstein,8573 Lincoln Blvd,York,York,PA,17404,717-809-3119,717-344-2804,fabiola.hauenstein@hauenstein.org,abc_12653
Amie,Perigo,596 Santa Maria Ave #7913,Mesquite,Dallas,TX,75150,972-419-7946,972-898-1033,amie.perigo@yahoo.com,abc_12654
Raina,Brachle,3829 Ventura Blvd,Butte,Silver Bow,MT,59701,406-318-1515,406-374-7752,raina.brachle@brachle.org,abc_12655
Erinn,Canlas,13 S Hacienda Dr,Livingston,Essex,NJ,07039,973-767-3008,973-563-9502,erinn.canlas@canlas.com,abc_12656
Cherry,Lietz,40 9th Ave Sw #91,Waterford,Oakland,MI,48329,248-980-6904,248-697-7722,cherry@lietz.com,abc_12657
Kattie,Vonasek,2845 Boulder Crescent St,Cleveland,Cuyahoga,OH,44103,216-923-3715,216-270-9653,kattie@vonasek.org,abc_12658
Lilli,Scriven,33 State St,Abilene,Taylor,TX,79601,325-631-1560,325-667-7868,lilli@aol.com,abc_12659
Whitley,Tomasulo,2 S 15th St,Fort Worth,Tarrant,TX,76107,817-526-4408,817-819-7799,whitley.tomasulo@aol.com,abc_12660
Barbra,Adkin,4 Kohler Memorial Dr,Brooklyn,Kings,NY,11230,718-201-3751,718-732-9475,badkin@hotmail.com,abc_12661
Hermila,Thyberg,1 Rancho Del Mar Shopping C,Providence,Providence,RI,02903,401-893-4882,401-885-7681,hermila_thyberg@hotmail.com,abc_12662
Jesusita,Flister,3943 N Highland Ave,Lancaster,Lancaster,PA,17601,717-885-9118,717-686-7564,jesusita.flister@hotmail.com,abc_12663
Caitlin,Julia,5 Williams St,Johnston,Providence,RI,02919,401-948-4982,401-552-9059,caitlin.julia@julia.org,abc_12664
Roosevelt,Hoffis,60 Old Dover Rd,Hialeah,Miami-Dade,FL,33014,305-622-4739,305-302-1135,roosevelt.hoffis@aol.com,abc_12665
Helaine,Halter,8 Sheridan Rd,Jersey City,Hudson,NJ,07304,201-832-4168,201-412-3040,hhalter@yahoo.com,abc_12666
Lorean,Martabano,85092 Southern Blvd,San Antonio,Bexar,TX,78204,210-856-4979,210-634-2447,lorean.martabano@hotmail.com,abc_12667
France,Buzick,64 Newman Springs Rd E,Brooklyn,Kings,NY,11219,718-478-8504,718-853-3740,france.buzick@yahoo.com,abc_12668
Justine,Ferrario,48 Stratford Ave,Pomona,Los Angeles,CA,91768,909-993-3242,909-631-5703,jferrario@hotmail.com,abc_12669
Adelina,Nabours,80 Pittsford Victor Rd #9,Cleveland,Cuyahoga,OH,44103,216-230-4892,216-937-5320,adelina_nabours@gmail.com,abc_12670
Derick,Dhamer,87163 N Main Ave,New York,New York,NY,10013,212-304-4515,212-225-9676,ddhamer@cox.net,abc_12671
Jerry,Dallen,393 Lafayette Ave,Richmond,Richmond City,VA,23219,804-762-9576,804-808-9574,jerry.dallen@yahoo.com,abc_12672
Leota,Ragel,99 5th Ave #33,Trion,Chattooga,GA,30753,706-221-4243,706-616-5131,leota.ragel@gmail.com,abc_12673
Jutta,Amyot,49 N Mays St,Broussard,Lafayette,LA,70518,337-515-1438,337-991-8070,jamyot@hotmail.com,abc_12674
Aja,Gehrett,993 Washington Ave,Nutley,Essex,NJ,07110,973-544-2677,973-986-4456,aja_gehrett@hotmail.com,abc_12675
Kirk,Herritt,88 15th Ave Ne,Vestal,Broome,NY,13850,607-407-3716,607-350-7690,kirk.herritt@aol.com,abc_12676
Leonora,Mauson,3381 E 40th Ave,Passaic,Passaic,NJ,07055,973-412-2995,973-355-2120,leonora@yahoo.com,abc_12677
Winfred,Brucato,201 Ridgewood Rd,Moscow,Latah,ID,83843,208-252-4552,208-793-4108,winfred_brucato@hotmail.com,abc_12678
Tarra,Nachor,39 Moccasin Dr,San Francisco,San Francisco,CA,94104,415-411-1775,415-284-2730,tarra.nachor@cox.net,abc_12679
Corinne,Loder,4 Carroll St,North Attleboro,Bristol,MA,02760,508-942-4186,508-618-7826,corinne@loder.org,abc_12680
Dulce,Labreche,9581 E Arapahoe Rd,Rochester,Oakland,MI,48307,248-357-8718,248-811-5696,dulce_labreche@yahoo.com,abc_12681
Kate,Keneipp,33 N Michigan Ave,Green Bay,Brown,WI,54301,920-353-6377,920-355-1610,kate_keneipp@yahoo.com,abc_12682
Kaitlyn,Ogg,2 S Biscayne Blvd,Baltimore,Baltimore City,MD,21230,410-665-4903,410-773-3862,kaitlyn.ogg@gmail.com,abc_12683
Sherita,Saras,8 Us Highway 22,Colorado Springs,El Paso,CO,80937,719-669-1664,719-547-9543,sherita.saras@cox.net,abc_12684
Lashawnda,Stuer,7422 Martin Ave #8,Toledo,Lucas,OH,43607,419-588-8719,419-399-1744,lstuer@cox.net,abc_12685
Ernest,Syrop,94 Chase Rd,Hyattsville,Prince Georges,MD,20785,301-998-9644,301-257-4883,ernest@cox.net,abc_12686
Nobuko,Halsey,8139 I Hwy 10 #92,New Bedford,Bristol,MA,02745,508-855-9887,508-897-7916,nobuko.halsey@yahoo.com,abc_12687
Lavonna,Wolny,5 Cabot Rd,Mc Lean,Fairfax,VA,22102,703-483-1970,703-892-2914,lavonna.wolny@hotmail.com,abc_12688
Lashaunda,Lizama,3387 Ryan Dr,Hanover,Anne Arundel,MD,21076,410-678-2473,410-912-6032,llizama@cox.net,abc_12689
Mariann,Bilden,3125 Packer Ave #9851,Austin,Travis,TX,78753,512-223-4791,512-742-1149,mariann.bilden@aol.com,abc_12690
Helene,Rodenberger,347 Chestnut St,Peoria,Maricopa,AZ,85381,623-461-8551,623-426-4907,helene@aol.com,abc_12691
Roselle,Estell,8116 Mount Vernon Ave,Bucyrus,Crawford,OH,44820,419-571-5920,419-488-6648,roselle.estell@hotmail.com,abc_12692
Samira,Heintzman,8772 Old County Rd #5410,Kent,King,WA,98032,206-311-4137,206-923-6042,sheintzman@hotmail.com,abc_12693
Margart,Meisel,868 State St #38,Cincinnati,Hamilton,OH,45251,513-617-2362,513-747-9603,margart_meisel@yahoo.com,abc_12694
Kristofer,Bennick,772 W River Dr,Bloomington,Monroe,IN,47404,812-368-1511,812-442-8544,kristofer.bennick@yahoo.com,abc_12695
Weldon,Acuff,73 W Barstow Ave,Arlington Heights,Cook,IL,60004,847-353-2156,847-613-5866,wacuff@gmail.com,abc_12696
Shalon,Shadrick,61047 Mayfield Ave,Brooklyn,Kings,NY,11223,718-232-2337,718-394-4974,shalon@cox.net,abc_12697
Denise,Patak,2139 Santa Rosa Ave,Orlando,Orange,FL,32801,407-446-4358,407-808-3254,denise@patak.org,abc_12698
Louvenia,Beech,598 43rd St,Beverly Hills,Los Angeles,CA,90210,310-820-2117,310-652-2379,louvenia.beech@beech.com,abc_12699
Audry,Yaw,70295 Pioneer Ct,Brandon,Hillsborough,FL,33511,813-797-4816,813-744-7100,audry.yaw@yaw.org,abc_12700
Kristel,Ehmann,92899 Kalakaua Ave,El Paso,El Paso,TX,79925,915-452-1290,915-300-6100,kristel.ehmann@aol.com,abc_12701
Vincenza,Zepp,395 S 6th St #2,El Cajon,San Diego,CA,92020,619-603-5125,619-935-6661,vzepp@gmail.com,abc_12702
Elouise,Gwalthney,9506 Edgemore Ave,Bladensburg,Prince Georges,MD,20710,301-841-5012,301-591-3034,egwalthney@yahoo.com,abc_12703
Venita,Maillard,72119 S Walker Ave #63,Anaheim,Orange,CA,92801,714-523-6653,714-663-9740,venita_maillard@gmail.com,abc_12704
Kasandra,Semidey,369 Latham St #500,Saint Louis,Saint Louis City,MO,63102,314-732-9131,314-697-3652,kasandra_semidey@semidey.com,abc_12705
Xochitl,Discipio,3158 Runamuck Pl,Round Rock,Williamson,TX,78664,512-233-1831,512-942-3411,xdiscipio@gmail.com,abc_12706
Maile,Linahan,9 Plainsboro Rd #598,Greensboro,Guilford,NC,27409,336-670-2640,336-364-6037,mlinahan@yahoo.com,abc_12707
Krissy,Rauser,8728 S Broad St,Coram,Suffolk,NY,11727,631-443-4710,631-288-2866,krauser@cox.net,abc_12708
Pete,Dubaldi,2215 Prosperity Dr,Lyndhurst,Bergen,NJ,07071,201-825-2514,201-749-8866,pdubaldi@hotmail.com,abc_12709
Linn,Paa,1 S Pine St,Memphis,Shelby,TN,38112,901-412-4381,901-573-9024,linn_paa@paa.com,abc_12710
Paris,Wide,187 Market St,Atlanta,Fulton,GA,30342,404-505-4445,404-607-8435,paris@hotmail.com,abc_12711
Wynell,Dorshorst,94290 S Buchanan St,Pacifica,San Mateo,CA,94044,650-473-1262,650-749-9879,wynell_dorshorst@dorshorst.org,abc_12712
Quentin,Birkner,7061 N 2nd St,Burnsville,Dakota,MN,55337,952-702-7993,952-314-5871,qbirkner@aol.com,abc_12713
Regenia,Kannady,10759 Main St,Scottsdale,Maricopa,AZ,85260,480-726-1280,480-205-5121,regenia.kannady@cox.net,abc_12714
Sheron,Louissant,97 E 3rd St #9,Long Island City,Queens,NY,11101,718-976-8610,718-613-9994,sheron@aol.com,abc_12715
Izetta,Funnell,82 Winsor St #54,Atlanta,Dekalb,GA,30340,770-844-3447,770-584-4119,izetta.funnell@hotmail.com,abc_12716
Rodolfo,Butzen,41 Steel Ct,Northfield,Rice,MN,55057,507-210-3510,507-590-5237,rodolfo@hotmail.com,abc_12717
Zona,Colla,49440 Dearborn St,Norwalk,Fairfield,CT,06854,203-461-1949,203-938-2557,zona@hotmail.com,abc_12718
Serina,Zagen,7 S Beverly Dr,Fort Wayne,Allen,IN,46802,260-273-3725,260-382-4869,szagen@aol.com,abc_12719
Paz,Sahagun,919 Wall Blvd,Meridian,Lauderdale,MS,39307,601-927-8287,601-249-4511,paz_sahagun@cox.net,abc_12720
Markus,Lukasik,89 20th St E #779,Sterling Heights,Macomb,MI,48310,586-970-7380,586-247-1614,markus@yahoo.com,abc_12721
Jaclyn,Bachman,721 Interstate 45 S,Colorado Springs,El Paso,CO,80919,719-853-3600,719-223-2074,jaclyn@aol.com,abc_12722
Cyril,Daufeldt,3 Lawton St,New York,New York,NY,10013,212-745-8484,212-422-5427,cyril_daufeldt@daufeldt.com,abc_12723
Gayla,Schnitzler,38 Pleasant Hill Rd,Hayward,Alameda,CA,94545,510-686-3407,510-441-4055,gschnitzler@gmail.com,abc_12724
Erick,Nievas,45 E Acacia Ct,Chicago,Cook,IL,60624,773-704-9903,773-359-6109,erick_nievas@aol.com,abc_12725
Jennie,Drymon,63728 Poway Rd #1,Scranton,Lackawanna,PA,18509,570-218-4831,570-868-8688,jennie@cox.net,abc_12726
Mitsue,Scipione,77 222 Dr,Oroville,Butte,CA,95965,530-986-9272,530-399-3254,mscipione@scipione.com,abc_12727
Ciara,Ventura,53 W Carey St,Port Jervis,Orange,NY,12771,845-823-8877,845-694-7919,cventura@yahoo.com,abc_12728
Galen,Cantres,617 Nw 36th Ave,Brook Park,Cuyahoga,OH,44142,216-600-6111,216-871-6876,galen@yahoo.com,abc_12729
Truman,Feichtner,539 Coldwater Canyon Ave,Bloomfield,Essex,NJ,07003,973-852-2736,973-473-5108,tfeichtner@yahoo.com,abc_12730
Gail,Kitty,735 Crawford Dr,Anchorage,Anchorage,AK,99501,907-435-9166,907-770-3542,gail@kitty.com,abc_12731
Dalene,Schoeneck,910 Rahway Ave,Philadelphia,Philadelphia,PA,19102,215-268-1275,215-380-8820,dalene@schoeneck.org,abc_12732
Gertude,Witten,7 Tarrytown Rd,Cincinnati,Hamilton,OH,45217,513-977-7043,513-863-9471,gertude.witten@gmail.com,abc_12733
Lizbeth,Kohl,35433 Blake St #588,Gardena,Los Angeles,CA,90248,310-699-1222,310-955-5788,lizbeth@yahoo.com,abc_12734
Glenn,Berray,29 Cherry St #7073,Des Moines,Polk,IA,50315,515-370-7348,515-372-1738,gberray@gmail.com,abc_12735
Lashandra,Klang,810 N La Brea Ave,King of Prussia,Montgomery,PA,19406,610-809-1818,610-378-7332,lashandra@yahoo.com,abc_12736
Lenna,Newville,987 Main St,Raleigh,Wake,NC,27601,919-623-2524,919-254-5987,lnewville@newville.com,abc_12737
Laurel,Pagliuca,36 Enterprise St Se,Richland,Benton,WA,99352,509-695-5199,509-595-6485,laurel@yahoo.com,abc_12738
Mireya,Frerking,8429 Miller Rd,Pelham,Westchester,NY,10803,914-868-5965,914-883-3061,mireya.frerking@hotmail.com,abc_12739
Annelle,Tagala,5 W 7th St,Parkville,Baltimore,MD,21234,410-757-1035,410-234-2267,annelle@yahoo.com,abc_12740
Dean,Ketelsen,2 Flynn Rd,Hicksville,Nassau,NY,11801,516-847-4418,516-732-6649,dean_ketelsen@gmail.com,abc_12741
Levi,Munis,2094 Ne 36th Ave,Worcester,Worcester,MA,01603,508-456-4907,508-658-7802,levi.munis@gmail.com,abc_12742
Sylvie,Ryser,649 Tulane Ave,Tulsa,Tulsa,OK,74105,918-644-9555,918-565-1706,sylvie@aol.com,abc_12743
Sharee,Maile,2094 Montour Blvd,Muskegon,Muskegon,MI,49442,231-467-9978,231-265-6940,sharee_maile@aol.com,abc_12744
Cordelia,Storment,393 Hammond Dr,Lafayette,Lafayette,LA,70506,337-566-6001,337-255-3427,cordelia_storment@aol.com,abc_12745
Mollie,Mcdoniel,8590 Lake Lizzie Dr,Bowling Green,Wood,OH,43402,419-975-3182,419-417-4674,mollie_mcdoniel@yahoo.com,abc_12746
Brett,Mccullan,87895 Concord Rd,La Mesa,San Diego,CA,91942,619-461-9984,619-727-3892,brett.mccullan@mccullan.com,abc_12747
Teddy,Pedrozo,46314 Route 130,Bridgeport,Fairfield,CT,06610,203-892-3863,203-918-3939,teddy_pedrozo@aol.com,abc_12748
Tasia,Andreason,4 Cowesett Ave,Kearny,Hudson,NJ,07032,201-920-9002,201-969-7063,tasia_andreason@yahoo.com,abc_12749
Hubert,Walthall,95 Main Ave #2,Barberton,Summit,OH,44203,330-903-1345,330-566-8898,hubert@walthall.org,abc_12750
Arthur,Farrow,28 S 7th St #2824,Englewood,Bergen,NJ,07631,201-238-5688,201-772-4377,arthur.farrow@yahoo.com,abc_12751
Vilma,Berlanga,79 S Howell Ave,Grand Rapids,Kent,MI,49546,616-737-3085,616-568-4113,vberlanga@berlanga.com,abc_12752
Billye,Miro,36 Lancaster Dr Se,Pearl,Rankin,MS,39208,601-567-5386,601-637-5479,billye_miro@cox.net,abc_12753
Glenna,Slayton,2759 Livingston Ave,Memphis,Shelby,TN,38118,901-640-9178,901-869-4314,glenna_slayton@cox.net,abc_12754
Mitzie,Hudnall,17 Jersey Ave,Englewood,Arapahoe,CO,80110,303-402-1940,303-997-7760,mitzie_hudnall@yahoo.com,abc_12755
Bernardine,Rodefer,2 W Grand Ave,Memphis,Shelby,TN,38112,901-901-4726,901-739-5892,bernardine_rodefer@yahoo.com,abc_12756
Staci,Schmaltz,18 Coronado Ave #563,Pasadena,Los Angeles,CA,91106,626-866-2339,626-293-7678,staci_schmaltz@aol.com,abc_12757
Nichelle,Meteer,72 Beechwood Ter,Chicago,Cook,IL,60657,773-225-9985,773-857-2231,nichelle_meteer@meteer.com,abc_12758
Janine,Rhoden,92 Broadway,Astoria,Queens,NY,11103,718-228-5894,718-728-5051,jrhoden@yahoo.com,abc_12759
Ettie,Hoopengardner,39 Franklin Ave,Richland,Benton,WA,99352,509-755-5393,509-847-3352,ettie.hoopengardner@hotmail.com,abc_12760
Eden,Jayson,4 Iwaena St,Baltimore,Baltimore City,MD,21202,410-890-7866,410-429-4888,eden_jayson@yahoo.com,abc_12761
Lynelle,Auber,32820 Corkwood Rd,Newark,Essex,NJ,07104,973-860-8610,973-605-6492,lynelle_auber@gmail.com,abc_12762
Merissa,Tomblin,34 Raritan Center Pky,Bellflower,Los Angeles,CA,90706,562-579-6900,562-719-7922,merissa.tomblin@gmail.com,abc_12763
Golda,Kaniecki,6201 S Nevada Ave,Toms River,Ocean,NJ,08755,732-628-9909,732-617-5310,golda_kaniecki@yahoo.com,abc_12764
Catarina,Gleich,78 Maryland Dr #146,Denville,Morris,NJ,07834,973-210-3994,973-491-8723,catarina_gleich@hotmail.com,abc_12765
Virgie,Kiel,76598 Rd  I 95 #1,Denver,Denver,CO,80216,303-776-7548,303-845-5408,vkiel@hotmail.com,abc_12766
Jolene,Ostolaza,1610 14th St Nw,Newport News,Newport News City,VA,23608,757-682-7116,757-940-1741,jolene@yahoo.com,abc_12767
Keneth,Borgman,86350 Roszel Rd,Phoenix,Maricopa,AZ,85012,602-919-4211,602-442-3092,keneth@yahoo.com,abc_12768
Rikki,Nayar,1644 Clove Rd,Miami,Miami-Dade,FL,33155,305-968-9487,305-978-2069,rikki@nayar.com,abc_12769
Elke,Sengbusch,9 W Central Ave,Phoenix,Maricopa,AZ,85013,602-896-2993,602-575-3457,elke_sengbusch@yahoo.com,abc_12770
Hoa,Sarao,27846 Lafayette Ave,Oak Hill,Volusia,FL,32759,386-526-7800,386-599-7296,hoa@sarao.org,abc_12771
Trinidad,Mcrae,10276 Brooks St,San Francisco,San Francisco,CA,94105,415-331-9634,415-419-1597,trinidad_mcrae@yahoo.com,abc_12772
Mari,Lueckenbach,1 Century Park E,San Diego,San Diego,CA,92110,858-793-9684,858-228-5683,mari_lueckenbach@yahoo.com,abc_12773
Selma,Husser,9 State Highway 57 #22,Jersey City,Hudson,NJ,07306,201-991-8369,201-772-7699,selma.husser@cox.net,abc_12774
Antione,Onofrio,4 S Washington Ave,San Bernardino,San Bernardino,CA,92410,909-430-7765,909-665-3223,aonofrio@onofrio.com,abc_12775
Luisa,Jurney,25 Se 176th Pl,Cambridge,Middlesex,MA,02138,617-365-2134,617-544-2541,ljurney@hotmail.com,abc_12776
Clorinda,Heimann,105 Richmond Valley Rd,Escondido,San Diego,CA,92025,760-291-5497,760-261-4786,clorinda.heimann@hotmail.com,abc_12777
Dick,Wenzinger,22 Spruce St #595,Gardena,Los Angeles,CA,90248,310-510-9713,310-936-2258,dick@yahoo.com,abc_12778
Ahmed,Angalich,2 W Beverly Blvd,Harrisburg,Dauphin,PA,17110,717-528-8996,717-632-5831,ahmed.angalich@angalich.com,abc_12779
Iluminada,Ohms,72 Southern Blvd,Mesa,Maricopa,AZ,85204,480-293-2882,480-866-6544,iluminada.ohms@yahoo.com,abc_12780
Joanna,Leinenbach,1 Washington St,Lake Worth,Palm Beach,FL,33461,561-470-4574,561-951-9734,joanna_leinenbach@hotmail.com,abc_12781
Caprice,Suell,90177 N 55th Ave,Nashville,Davidson,TN,37211,615-246-1824,615-726-4537,caprice@aol.com,abc_12782
Stephane,Myricks,9 Tower Ave,Burlington,Boone,KY,41005,859-717-7638,859-308-4286,stephane_myricks@cox.net,abc_12783
Quentin,Swayze,278 Bayview Ave,Milan,Monroe,MI,48160,734-561-6170,734-851-8571,quentin_swayze@yahoo.com,abc_12784
Annmarie,Castros,80312 W 32nd St,Conroe,Montgomery,TX,77301,936-751-7961,936-937-2334,annmarie_castros@gmail.com,abc_12785
Shonda,Greenbush,82 Us Highway 46,Clifton,Passaic,NJ,07011,973-482-2430,973-644-2974,shonda_greenbush@cox.net,abc_12786
Cecil,Lapage,4 Stovall St #72,Union City,Hudson,NJ,07087,201-693-3967,201-856-2720,clapage@lapage.com,abc_12787
Jeanice,Claucherty,19 Amboy Ave,Miami,Miami-Dade,FL,33142,305-988-4162,305-306-7834,jeanice.claucherty@yahoo.com,abc_12788
Josphine,Villanueva,63 Smith Ln #8343,Moss,Clay,TN,38575,931-553-9774,931-486-6946,josphine_villanueva@villanueva.com,abc_12789
Daniel,Perruzza,11360 S Halsted St,Santa Ana,Orange,CA,92705,714-771-3880,714-531-1391,dperruzza@perruzza.com,abc_12790
Cassi,Wildfong,26849 Jefferson Hwy,Rolling Meadows,Cook,IL,60008,847-633-3216,847-755-9041,cassi.wildfong@aol.com,abc_12791
Britt,Galam,2500 Pringle Rd Se #508,Hatfield,Montgomery,PA,19440,215-888-3304,215-351-8523,britt@galam.org,abc_12792
Adell,Lipkin,65 Mountain View Dr,Whippany,Morris,NJ,07981,973-654-1561,973-662-8988,adell.lipkin@lipkin.com,abc_12793
Jacqueline,Rowling,1 N San Saba,Erie,Erie,PA,16501,814-865-8113,814-481-1700,jacqueline.rowling@yahoo.com,abc_12794
Lonny,Weglarz,51120 State Route 18,Salt Lake City,Salt Lake,UT,84115,801-293-9853,801-892-8781,lonny_weglarz@gmail.com,abc_12795
Lonna,Diestel,1482 College Ave,Fayetteville,Cumberland,NC,28301,910-922-3672,910-200-7912,lonna_diestel@gmail.com,abc_12796
Cristal,Samara,4119 Metropolitan Dr,Los Angeles,Los Angeles,CA,90021,213-975-8026,213-696-8004,cristal@cox.net,abc_12797
Kenneth,Grenet,2167 Sierra Rd,East Lansing,Ingham,MI,48823,517-499-2322,517-867-8077,kenneth.grenet@grenet.org,abc_12798
Elli,Mclaird,6 Sunrise Ave,Utica,Oneida,NY,13501,315-818-2638,315-474-5570,emclaird@mclaird.com,abc_12799
Alline,Jeanty,55713 Lake City Hwy,South Bend,St Joseph,IN,46601,574-656-2800,574-405-1983,ajeanty@gmail.com,abc_12800
Sharika,Eanes,75698 N Fiesta Blvd,Orlando,Orange,FL,32806,407-312-1691,407-472-1332,sharika.eanes@aol.com,abc_12801
Nu,Mcnease,88 Sw 28th Ter,Harrison,Hudson,NJ,07029,973-751-9003,973-903-4175,nu@gmail.com,abc_12802
Daniela,Comnick,7 Flowers Rd #403,Trenton,Mercer,NJ,08611,609-200-8577,609-398-2805,dcomnick@cox.net,abc_12803
Cecilia,Colaizzo,4 Nw 12th St #3849,Madison,Dane,WI,53717,608-382-4541,608-302-3387,cecilia_colaizzo@colaizzo.com,abc_12804
Leslie,Threets,2 A Kelley Dr,Katonah,Westchester,NY,10536,914-861-9748,914-396-2615,leslie@cox.net,abc_12805
Nan,Koppinger,88827 Frankford Ave,Greensboro,Guilford,NC,27401,336-370-5333,336-564-1492,nan@koppinger.com,abc_12806
Izetta,Dewar,2 W Scyene Rd #3,Baltimore,Baltimore City,MD,21217,410-473-1708,410-522-7621,idewar@dewar.com,abc_12807
Tegan,Arceo,62260 Park Stre,Monroe Township,Middlesex,NJ,08831,732-730-2692,732-705-6719,tegan.arceo@arceo.org,abc_12808
Ruthann,Keener,3424 29th St Se,Kerrville,Kerr,TX,78028,830-258-2769,830-919-5991,ruthann@hotmail.com,abc_12809
Joni,Breland,35 E Main St #43,Elk Grove Village,Cook,IL,60007,847-519-5906,847-740-5304,joni_breland@cox.net,abc_12810
Vi,Rentfro,7163 W Clark Rd,Freehold,Monmouth,NJ,07728,732-605-4781,732-724-7251,vrentfro@cox.net,abc_12811
Colette,Kardas,21575 S Apple Creek Rd,Omaha,Douglas,NE,68124,402-896-5943,402-707-1602,colette.kardas@yahoo.com,abc_12812
Malcolm,Tromblay,747 Leonis Blvd,Annandale,Fairfax,VA,22003,703-221-5602,703-874-4248,malcolm_tromblay@cox.net,abc_12813
Ryan,Harnos,13 Gunnison St,Plano,Collin,TX,75075,972-558-1665,972-961-4968,ryan@cox.net,abc_12814
Jess,Chaffins,18 3rd Ave,New York,New York,NY,10016,212-510-4633,212-428-9538,jess.chaffins@chaffins.org,abc_12815
Sharen,Bourbon,62 W Austin St,Syosset,Nassau,NY,11791,516-816-1541,516-749-3188,sbourbon@yahoo.com,abc_12816
Nickolas,Juvera,177 S Rider Trl #52,Crystal River,Citrus,FL,34429,352-598-8301,352-947-6152,nickolas_juvera@cox.net,abc_12817
Gary,Nunlee,2 W Mount Royal Ave,Fortville,Hancock,IN,46040,317-542-6023,317-887-8486,gary_nunlee@nunlee.org,abc_12818
Diane,Devreese,1953 Telegraph Rd,Saint Joseph,Buchanan,MO,64504,816-557-9673,816-329-5565,diane@cox.net,abc_12819
Roslyn,Chavous,63517 Dupont St,Jackson,Hinds,MS,39211,601-234-9632,601-973-5754,roslyn.chavous@chavous.org,abc_12820
Glory,Schieler,5 E Truman Rd,Abilene,Taylor,TX,79602,325-869-2649,325-740-3778,glory@yahoo.com,abc_12821
Rasheeda,Sayaphon,251 Park Ave #979,Saratoga,Santa Clara,CA,95070,408-805-4309,408-997-7490,rasheeda@aol.com,abc_12822
Alpha,Palaia,43496 Commercial Dr #29,Cherry Hill,Camden,NJ,08003,856-312-2629,856-513-7024,alpha@yahoo.com,abc_12823
Refugia,Jacobos,2184 Worth St,Hayward,Alameda,CA,94545,510-974-8671,510-509-3496,refugia.jacobos@jacobos.com,abc_12824
Shawnda,Yori,50126 N Plankinton Ave,Longwood,Seminole,FL,32750,407-538-5106,407-564-8113,shawnda.yori@yahoo.com,abc_12825
Mona,Delasancha,38773 Gravois Ave,Cheyenne,Laramie,WY,82001,307-403-1488,307-816-7115,mdelasancha@hotmail.com,abc_12826
Gilma,Liukko,16452 Greenwich St,Garden City,Nassau,NY,11530,516-393-9967,516-407-9573,gilma_liukko@gmail.com,abc_12827
Janey,Gabisi,40 Cambridge Ave,Madison,Dane,WI,53715,608-967-7194,608-586-6912,jgabisi@hotmail.com,abc_12828
Lili,Paskin,20113 4th Ave E,Kearny,Hudson,NJ,07032,201-431-2989,201-478-8540,lili.paskin@cox.net,abc_12829
Loren,Asar,6 Ridgewood Center Dr,Old Forge,Lackawanna,PA,18518,570-648-3035,570-569-2356,loren.asar@aol.com,abc_12830
Dorothy,Chesterfield,469 Outwater Ln,San Diego,San Diego,CA,92126,858-617-7834,858-732-1884,dorothy@cox.net,abc_12831
Gail,Similton,62 Monroe St,Thousand Palms,Riverside,CA,92276,760-616-5388,760-493-9208,gail_similton@similton.com,abc_12832
Catalina,Tillotson,3338 A Lockport Pl #6,Margate City,Atlantic,NJ,08402,609-373-3332,609-826-4990,catalina@hotmail.com,abc_12833
Lawrence,Lorens,9 Hwy,Providence,Providence,RI,02906,401-465-6432,401-893-1820,lawrence.lorens@hotmail.com,abc_12834
Carlee,Boulter,8284 Hart St,Abilene,Dickinson,KS,67410,785-347-1805,785-253-7049,carlee.boulter@hotmail.com,abc_12835
Thaddeus,Ankeny,5 Washington St #1,Roseville,Placer,CA,95678,916-920-3571,916-459-2433,tankeny@ankeny.org,abc_12836
Jovita,Oles,8 S Haven St,Daytona Beach,Volusia,FL,32114,386-248-4118,386-208-6976,joles@gmail.com,abc_12837
Alesia,Hixenbaugh,9 Front St,Washington,District of Columbia,DC,20001,202-646-7516,202-276-6826,alesia_hixenbaugh@hixenbaugh.org,abc_12838
Lai,Harabedian,1933 Packer Ave #2,Novato,Marin,CA,94945,415-423-3294,415-926-6089,lai@gmail.com,abc_12839
Brittni,Gillaspie,67 Rv Cent,Boise,Ada,ID,83709,208-709-1235,208-206-9848,bgillaspie@gillaspie.com,abc_12840
Raylene,Kampa,2 Sw Nyberg Rd,Elkhart,Elkhart,IN,46514,574-499-1454,574-330-1884,rkampa@kampa.org,abc_12841
Flo,Bookamer,89992 E 15th St,Alliance,Box Butte,NE,69301,308-726-2182,308-250-6987,flo.bookamer@cox.net,abc_12842
Jani,Biddy,61556 W 20th Ave,Seattle,King,WA,98104,206-711-6498,206-395-6284,jbiddy@yahoo.com,abc_12843
Chauncey,Motley,63 E Aurora Dr,Orlando,Orange,FL,32804,407-413-4842,407-557-8857,chauncey_motley@aol.com,abc_12844
